{
  "L0": 2.8193588256835938,
  "A": 1.4581011533737183,
  "alpha": 1.3618971109390259,
  "B": 449.1991882324219,
  "C": 0.11661767959594727,
  "beta": 0.23741869628429413,
  "gamma": 0.40688633918762207,
  "s_w_prime": 9.999998162868451e-09,
  "fit_s_w_prime": true
}
