{
  "L0": 2.723465919494629,
  "A": 1.274954915046692,
  "alpha": 0.9988600015640259,
  "B": 448.7814636230469,
  "C": 0.010856025852262974,
  "beta": 0.21318809688091278,
  "gamma": 0.5783498883247375,
  "s_w_prime": 9.999998162868451e-09,
  "fit_s_w_prime": true
}
