{
  "L0": 2.733398914337158,
  "A": 1.1800646781921387,
  "alpha": 0.946656346321106,
  "B": 448.7799072265625,
  "C": 0.003907037433236837,
  "beta": 0.07044423371553421,
  "gamma": 1.3417993783950806,
  "s_w_prime": 9.999998162868451e-09,
  "fit_s_w_prime": true
}
